A-Haunting We Will Go,"['Stan Laurel', ' Oliver Hardy', ' Dante the Magician', ' Sheila Ryan']",['Comedy']
Across the Pacific,"['Humphrey Bogart', ' Mary Astor', ' Sydney Greenstreet', ' Charles Halton']",['Thriller']
The Adventures of Martin Eden,"['Glenn Ford', ' Claire Trevor', ' Evelyn Keyes']",['Drama']
The Affairs of Jimmy Valentine,"[""Dennis O'Keefe"", ' Ruth Terry', ' Gloria Dickson']",['Mystery']
The Affairs of Martha,"['Marsha Hunt', ' Richard Carlson']",['Romance']
Alias Boston Blackie,"['Chester Morris', ' Adele Mara', ' George E. Stone']",['Mystery']
All Through the Night,"['Humphrey Bogart', ' Conrad Veidt', ' Kaaren Verne']",['Thriller']
Almost Married,"['Jane Frazee', ' Robert Paige', ' Eugene Pallette']",['Comedy']
Along the Sundown Trail,"['Bill Boyd', ' Lee Powell', ' Julie Duncan']",['Western']
Always in My Heart,"['Kay Francis', ' Walter Huston', ' Gloria Warren']",['Drama']
American Empire,"['Richard Dix', ' Leo Carrillo', ' Preston Foster', ' Frances Gifford']",['Western']
Andy Hardy's Double Life,"['Lewis Stone', ' Mickey Rooney', ' Fay Holden']",['Comedy']
Apache Trail,"['Lloyd Nolan', ' Donna Reed', ' Ann Ayars']",['Western']
Arabian Nights,"['Maria Montez', ' Jon Hall', ' Sabu']",['Adventure']
Are Husbands Necessary?,"['Ray Milland', ' Betty Field', ' Patricia Morison']",['Comedy']
Arizona Roundup,"['Tom Keene', ' Frank Yaconelli']",['Western']
Arizona Stage Coach,"['Ray Corrigan', ' Max Terhune', "" Nell O'Day""]",['Western']
Arizona Terrors,"['Don ""Red"" Barry', ' Lynn Merrick']",['Western']
Army Surgeon,"['Jane Wyatt', ' James Ellison', ' Kent Taylor']",['Drama']
Atlantic Convoy,"['Bruce Bennett', ' Virginia Field', ' Larry Parks', ' Lloyd Bridges']",['War']
Baby Face Morgan,"['Mary Carlisle', ' Richard Cromwell', ' Robert Armstrong']",['Comedy crime']
Bad Men of the Hills,"['Charles Starrett', ' Russell Hayden', ' Luana Walters']",['Western']
Bambi,[''],['Animated']
Bandit Ranger,"['Tim Holt', ' Joan Barclay']",['Western']
The Bashful Bachelor,"['Lum and Abner', ' ZaSu Pitts']",['Comedy']
Behind the Eight Ball,"['Carol Bruce', ' Dick Foran']",['Comedy']
Bells of Capistrano,"['Gene Autry', ' Virginia Grey']",['Western']
Below the Border,"['Buck Jones', ' Tim McCoy', ' Raymond Hatton']",['Western']
Berlin Correspondent,"['Virginia Gilmore', ' Dana Andrews', ' Mona Maris']",['Thriller']
Between Us Girls,"['Diana Barrymore', ' Robert Cummings', ' Kay Francis']",['Comedy']
Beyond the Blue Horizon,"['Dorothy Lamour', ' Richard Denning', ' Patricia Morison']",['Adventure']
The Big Shot,"['Humphrey Bogart', ' Irene Manning']",['Crime']
The Big Street,"['Henry Fonda', ' Lucille Ball', ' Barton MacLane']",['Drama']
Billy the Kid's Smoking Guns,"['Buster Crabbe', ' Al St. John', ' Joan Barclay']",['Western']
Billy the Kid Trapped,"['Buster Crabbe', ' Anne Jeffreys']",['Western']
Black Dragons,"['Bela Lugosi', ' Joan Barclay', ' Robert Frazer']",['Thriller']
The Black Swan,"['Tyrone Power', "" Maureen O'Hara"", ' Laird Cregar']",['Adventure']
Blondie's Blessed Event,"['Penny Singleton', ' Arthur Lake', ' Jonathan Hale']",['Comedy']
Blondie Goes to College,"['Penny Singleton', ' Arthur Lake', ' Janet Blair']",['Comedy']
Blondie for Victory,"['Penny Singleton', ' Arthur Lake', ' Stuart Erwin']",['Comedy']
"Blue, White and Perfect","['Lloyd Nolan', ' Mary Beth Hughes', ' Helene Reynolds']",['Mystery']
Bombay Clipper,"['William Gargan', ' Maria Montez', ' Irene Hervey']",['Thriller']
Bombs Over Burma,"['Anna May Wong', ' Noel Madison']",['War']
The Boogie Man Will Get You,['Boris Karloff'],['ComedyHorror']
Boot Hill Bandits,"['Ray Corrigan', ' Max Terhune', ' Jean Brooks']",['Western']
Border Roundup,"['George F. Houston', ' Dennis Moore']",['Western']
Born to Sing,"['Virginia Weidler', ' Douglas McPhail']",['Musical']
The Boss of Big Town,"['Florence Rice', ' John Litel', ' H. B. Warner']",['Crime']
Boss of Hangtown Mesa,"['Johnny Mack Brown', ' Fuzzy Knight', ' William Farnum']",['Western']
Boston Blackie Goes Hollywood,"['Chester Morris', ' Constance Worth']",['Mystery']
Bowery at Midnight,"['Bela Lugosi', ' John Archer', ' Wanda McKay']",['Horror']
Broadway,"['George Raft', "" Pat O'Brien"", ' Janet Blair']",['Crime musical']
Broadway Big Shot,"['Ralph Byrd', ' Virginia Vale', ' Herbert Rawlinson']",['Drama']
Brooklyn Orchid,"['William Bendix', ' Grace Bradley']",['Comedy']
The Bugle Sounds,"['Wallace Beery', ' Marjorie Main', ' Donna Reed']",['War']
Bullet Scars,"['Regis Toomey', ' Howard Da Silva', ' Adele Longmire']",['Crime drama']
Bullets for Bandits,"['Tex Ritter', ' Wild Bill Elliott']",['Western']
Busses Roar,"['Richard Travis', ' Julie Bishop', ' Eleanor Parker']",['Crime drama']
Butch Minds the Baby,"['Virginia Bruce', ' Broderick Crawford', ' Dick Foran']",['Comedy']
Cadet Girl,"['Carole Landis', ' George Montgomery']",['Musical-Comedy']
Cadets on Parade,"['Freddie Bartholomew', ' Jimmy Lydon', ' Raymond Hatton']",['Drama']
Cairo,"['Jeanette MacDonald', ' Robert Young', ' Lionel Atwill']",['Comedy thriller']
Call of the Canyon,"['Gene Autry', ' Ruth Terry']",['Western']
Call Out the Marines,"['Victor McLaglen', ' Edmund Lowe', ' Binnie Barnes']",['Comedy']
Calling Dr. Gillespie,"['Lionel Barrymore', ' Donna Reed']",['Drama']
Canal Zone,"['Chester Morris', ' Harriet Nelson', ' Larry Parks']",['Action']
Captains of the Clouds,"['James Cagney', ' Dennis Morgan', ' Brenda Marshall']",['War']
"Careful, Soft Shoulder","['Virginia Bruce', ' James Ellison', ' Sheila Ryan']",['Comedy']
Casablanca,"['Humphrey Bogart', ' Ingrid Bergman', ' Claude Rains', ' Paul Henreid', ' Dooley Wilson', ' Peter Lorre']","['Drama', ' Romance']"
Castle in the Desert,"['Sidney Toler', ' Arleen Whelan']",['Mystery']
Cat People,"['Simone Simon', ' Kent Smith', ' Jane Randolph']",['Horror']
China Girl,"['Gene Tierney', ' George Montgomery', ' Lynn Bari']",['Drama']
City of Silent Men,"['Frank Albertson', ' June Lang', ' Jan Wiley']",['Crime']
A Close Call for Ellery Queen,"['William Gargan', ' Margaret Lindsay', ' Kay Linaker']",['Mystery']
Code of the Outlaw,"['Bob Steele', ' Tom Tyler']",['Western']
Come on Danger,"['Tim Holt', ' Ray Whitley']",['Western']
Commandos Strike at Dawn,"['Paul Muni', ' Anna Lee', ' Lillian Gish']",['War']
The Corpse Vanishes,"['Bela Lugosi', ' Luana Walters']",['Horror']
Counter-Espionage,"['Warren William', ' Forrest Tucker', ' Hillary Brooke']",['Mystery']
The Courtship of Andy Hardy,"['Lewis Stone', ' Mickey Rooney', ' Cecilia Parker', ' Donna Reed']",['Comedy']
Cowboy Serenade,"['Gene Autry', ' Fay McKenzie']",['Western']
Criminal Investigator,"['Robert Lowery', ' Edith Fellows', ' John Miljan']",['Mystery']
Crossroads,"['William Powell', ' Hedy Lamarr', ' Claire Trevor']",['Mystery']
The Cyclone Kid,"['Don ""Red"" Barry', ' Lynn Merrick']",['Western']
Danger in the Pacific,"['Don Terry', ' Louise Allbritton']",['Spy']
Daring Young Man,"['Joe E. Brown', ' Marguerite Chapman', ' William Wright']",['Comedy']
A Date with the Falcon,"['George Sanders', ' Wendy Barrie', ' Allen Jenkins ']",['Mystery']
The Dawn Express,"['Michael Whalen', ' Anne Nagel', ' Constance Worth']",['Thriller']
Dawn on the Great Divide,"['Buck Jones', ' Mona Barrie', ' Raymond Hatton']",['Western']
Deep in the Heart of Texas,"['Johnny Mack Brown', ' Tex Ritter', ' Jennifer Holt']",['Western']
A Desperate Chance for Ellery Queen,"['William Gargan', ' Margaret Lindsay', ' John Litel']",['Mystery']
Desperate Journey,"['Errol Flynn', ' Ronald Reagan', ' Raymond Massey']",['War']
Destination Unknown,"['William Gargan', ' Irene Hervey', ' Turhan Bey']",['Thriller']
The Devil's Trail,"['Wild Bill Elliott', ' Tex Ritter', ' Noah Beery']",['Western']
Don't Get Personal,"['Jane Frazee', ' Anne Gwynne']",['Comedy']
Down Rio Grande Way,"['Charles Starrett', ' Russell Hayden']",['Western']
Down Texas Way,"['Buck Jones', ' Tim McCoy', ' Luana Walters']",['Western']
Dr. Broadway,"['Macdonald Carey', ' Jean Phillips']",['Mystery']
Dr. Gillespie's New Assistant,"['Lionel Barrymore', ' Van Johnson', ' Susan Peters']",['Drama']
Dr. Kildare's Victory,"['Lew Ayres', ' Ann Ayars', ' Lionel Barrymore']",['Drama']
Dr. Renault's Secret,"['J. Carrol Naish', ' George Zucco', ' Lynne Roberts']",['Horror']
Drums of the Congo,"['Ona Munson', ' Stuart Erwin', ' Peggy Moran']",['Adventure']
Duke of the Navy,"['Ralph Byrd', ' Stubby Kruger', ' Veda Ann Borg']",['Comedy']
Eagle Squadron,"['Robert Stack', ' Diana Barrymore']",['War']
Enemy Agents Meet Ellery Queen,"['William Gargan', ' Gale Sondergaard', ' Margaret Lindsay']",['Mystery']
Escape from Crime,"['Richard Travis', ' Jackie Gleason', ' Julie Bishop']",['Crime']
Escape from Hong Kong,"['Marjorie Lord', ' Leo Carrillo']",['Mystery']
Eyes in the Night,"['Edward Arnold', ' Ann Harding', ' Donna Reed']",['Mystery']
Eyes of the Underworld,"['Richard Dix', ' Wendy Barrie', ' Don Porter']",['Drama']
The Falcon's Brother,"['George Sanders', ' Tom Conway', ' Jane Randolph']",['Mystery']
The Falcon Takes Over,"['George Sanders', ' Lynn Bari', ' Allen Jenkins']",['Mystery']
Fall In,"['William Tracy', ' Jean Porter']",['Comedy']
Fingers at the Window,"['Lew Ayres', ' Laraine Day', ' Basil Rathbone']",['Mystery']
The Fleet's In,"['Dorothy Lamour', ' William Holden', ' Betty Hutton']",['Musical']
Flight Lieutenant,"[""Pat O'Brien"", ' Glenn Ford', ' Evelyn Keyes']",['Drama']
Fly-by-Night,"['Richard Carlson', ' Nancy Kelly', ' Albert Bassermann']",['Thriller']
Flying Tigers,"['John Wayne', ' John Carroll', ' Anna Lee']",['War']
Flying with Music,"['Marjorie Woodworth', ' George Givot']",['Musical']
Footlight Serenade,"['Betty Grable', ' John Payne', ' Victor Mature']",['Comedy']
Foreign Agent,"['John Shelton', ' Gale Storm', ' Ivan Lebedeff']",['Crime drama']
The Forest Rangers,"['Fred MacMurray', ' Susan Hayward', ' Paulette Goddard']",['Drama']
For Me and My Gal,"['Judy Garland', ' Gene Kelly']",['Musical']
Four Jacks and a Jill,"['Ray Bolger', ' Desi Arnaz', ' June Havoc', ' Anne Shirley']",['Musical']
Freckles Comes Home,"['Gale Storm', ' Johnny Downs', ' Mantan Moreland']",['Comedy']
Friendly Enemies,"['Charles Winninger', ' Charles Ruggles', ' Nancy Kelly']",['Drama']
Frisco Lil ,"['Irene Hervey', ' Kent Taylor', ' Jerome Cowan']",['Drama']
Gallant Lady,"['Rose Hobart', ' Jane Novak Sidney Blackmer']",['Drama']
The Gay Sisters,"['Barbara Stanwyck', ' George Brent', ' Geraldine Fitzgerald']",['Drama']
A Gentleman After Dark,"['Miriam Hopkins', ' Brian Donlevy', ' Preston Foster']",['Crime']
A Gentleman at Heart,"['Cesar Romero', ' Carole Landis', ' Milton Berle']",['Comedy']
Gentleman Jim,"['Errol Flynn', ' Alexis Smith', ' Alan Hale']",['Bio-pic']
George Washington Slept Here,"['Jack Benny', ' Ann Sheridan', ' Charles Coburn']",['Comedy']
Get Hep to Love,"['Gloria Jean', "" Donald O'Connor"", ' Jane Frazee', ' Peggy Ryan']",['Musical comedy']
The Ghost of Frankenstein,"['Lon Chaney Jr.', ' Cedric Hardwicke', ' Ralph Bellamy']",['Horror']
Ghost Town Law,"['Buck Jones', ' Tim McCoy', ' Raymond Hatton']",['Western']
The Girl from Alaska,"['Jean Parker', ' Ray Middleton', ' Jerome Cowan']",['Western']
Girl Trouble,"['Don Ameche', ' Joan Bennett']",['Comedy']
Girls' Town,"['Edith Fellows', ' June Storey', ' Alice White', ' Anna Q. Nilsson']",['Drama']
"Give Out, Sisters","['The Andrews Sisters', ' Dan Dailey', "" Donald O'Connor""]",['Musical']
The Glass Key,"['Alan Ladd', ' Veronica Lake', ' Brian Donlevy', ' William Bendix']",['Film noir']
Grand Central Murder,"['Van Heflin', ' Cecilia Parker', ' Virginia Grey']",['Mystery']
The Great Gildersleeve,"['Harold Peary', ' Jane Darwell']",['Comedy']
The Great Man's Lady,"['Barbara Stanwyck', ' Joel McCrea', ' Brian Donlevy']",['Western']
The Great Impersonation,"['Ralph Bellamy', ' Evelyn Ankers', ' Kaaren Verne ']",['Drama']
Halfway to Shanghai,"['Kent Taylor', ' Irene Hervey', ' Henry Stephenson']",['Adventure']
Hay Foot,"['William Tracy', ' Joe Sawyer', ' Elyse Knox']",['Comedy']
Heart of the Golden West,"['Roy Rogers', ' Ruth Terry', ' Smiley Burnette']",['Western']
Heart of the Rio Grande,"['Gene Autry', ' Fay McKenzie', ' Edith Fellows ']",['Western']
"Hello, Annapolis","['Tom Brown', ' Jean Parker', ' Larry Parks']",['Comedy']
"Henry Aldrich, Editor ","['Jimmy Lydon', ' Olive Blakeney', ' Rita Quigley']",['Comedy']
Henry and Dizzy,"['Jimmy Lydon', ' Mary Anderson', ' John Litel']",['Comedy']
Her Cardboard Lover,"['Norma Shearer', ' Robert Taylor', ' George Sanders']",['Comedy']
Here We Go Again,"['Jim Jordan', ' Marian Jordan', ' Edgar Bergen']",['Comedy']
The Hidden Hand,"['Craig Stevens', ' Elisabeth Fraser', ' Julie Bishop']",['Drama']
Highways by Night,"['Richard Carlson', ' Jane Randolph', ' Barton MacLane']",['Drama']
"Hi, Neighbor","['Jean Parker John Archer', ' Janet Beecher']",['Comedy']
Hillbilly Blitzkrieg,"['Bud Duncan', ' Edgar Kennedy', ' Cliff Nazarro']",['Comedy']
Hitler – Dead or Alive,"['Ward Bond', ' Dorothy Tree', ' Warren Hymer']",['Thriller']
Holiday Inn,"['Bing Crosby', ' Fred Astaire', ' Marjorie Reynolds', ' Virginia Dale']",['Musical']
Home in Wyomin',"['Gene Autry', ' Fay McKenzie']",['Western']
House of Errors,"['Harry Langdon', ' Marian Marsh', ' Betty Blythe']",['Comedy']
I Live on Danger,"['Chester Morris', ' Jean Parker']",['Suspense']
I Married a Witch,"['Veronica Lake', ' Fredric March', ' Susan Hayward']",['Romantic comedy']
I Married an Angel,"['Jeanette MacDonald', ' Nelson Eddy']",['Musical']
I Was Framed,"['Julie Bishop', ' Tod Andrews']",['Mystery']
Ice-Capades Revue,"['Ellen Drew', ' Richard Denning', ' Jerry Colonna']",['Comedy']
Iceland,"['Sonja Henie', ' John Payne', ' Jack Oakie']",['Musical']
In Old California,"['John Wayne', ' Binnie Barnes', ' Albert Dekker']",['Western']
In This Our Life,"['Bette Davis', ' Olivia de Havilland', ' George Brent']",['Drama']
Invisible Agent,"['Ilona Massey', ' Jon Hall', ' Peter Lorre']",['War']
Inside the Law,"['Wallace Ford', ' Luana Walters']",['Crime comedy']
Isle of Missing Men,"['John Howard', ' Helen Gilbert', ' Gilbert Roland']",['Drama']
It Happened in Flatbush,"['Lloyd Nolan', ' Carole Landis', ' Sara Allgood']",['Sports comedy']
It's All True,[''],['Unfinished film']
Jackass Mail,"['Wallace Beery', ' Marjorie Main', ' J. Carrol Naish']",['Western']
Jail House Blues,"['Nat Pendleton', ' Anne Gwynne', ' Robert Paige']",['Comedy']
"Jesse James, Jr.","['Don ""Red"" Barry', ' Lynn Merrick']",['Western']
Joan of Ozark,"['Judy Canova', ' Joe E. Brown', ' Jerome Cowan']",['Comedy']
Joan of Paris,"['Michèle Morgan', ' Paul Henreid', ' Laird Cregar']",['War']
"Joe Smith, American","['Robert Young', ' Marsha Hunt']",['Drama']
Johnny Doughboy,"['Jane Withers', ' Ruth Donnelly', ' Henry Wilcoxon']",['Comedy']
Johnny Eager,"['Robert Taylor', ' Lana Turner']",['Film noir']
Journey for Margaret,"['Robert Young', ' Laraine Day', ' Fay Bainter', ' Nigel Bruce']",['Drama']
Juke Box Jenny,"['Ken Murray', ' Harriet Hilliard', ' Iris Adrian']",['Comedy']
Juke Girl,"['Ann Sheridan', ' Ronald Reagan', ' Gene Lockhart']",['Drama']
Jungle Book,"['Sabu', ' Joseph Calleia']",['Adventure']
Jungle Siren,"['Ann Corio', ' Buster Crabbe', ' Arno Frey']",['Adventure']
Junior Army,"['Freddie Bartholomew', ' Billy Halop', ' Huntz Hall']",['Drama']
Just Off Broadway,"['Lloyd Nolan', ' Marjorie Weaver', ' Phil Silvers']",['Mystery']
Kid Glove Killer,"['Van Heflin', ' Marsha Hunt']",['Crime']
King of the Mounties,"['Allan Lane', ' Peggy Drake']",['Action']
King of the Stallions,"[""Dave O'Brien"", ' Rick Vallin', ' Chief Thundercloud']",['Western']
Kings Row,"['Ann Sheridan', ' Ronald Reagan', ' Robert Cummings']",['Drama']
Klondike Fury,"['Edmund Lowe', ' Lucile Fairbanks', ' Ralph Morgan']",['Adventure']
Lady for a Night,"['John Wayne', ' Joan Blondell', ' Ray Middleton']",['Drama']
Lady from Chungking,"['Anna May Wong', ' Harold Huber', ' Mae Clarke']",['War']
Lady Gangster,"['Faye Emerson', ' Julie Bishop']",['Crime']
The Lady Has Plans,"['Paulette Goddard', ' Ray Milland', ' Roland Young']",['Comedy']
Lady in a Jam,"['Irene Dunne', ' Ralph Bellamy', ' Patric Knowles']",['Comedy']
The Lady Is Willing,"['Marlene Dietrich', ' Fred MacMurray']",['Comedy']
Land of the Open Range ,"['Tim Holt', ' Janet Waldo']",['Western']
"Larceny, Inc.","['Edward G. Robinson', ' Jane Wyman', ' Broderick Crawford']",['Crime Comedy']
Laugh Your Blues Away,"['Jinx Falkenburg', ' Bert Gordon', ' Isobel Elsom']",['Comedy']
Law and Order,"['Buster Crabbe', ' Al St. John', ' Wanda McKay']",['Western']
Law of the Jungle,"['Arline Judge', ' John King', '']",['Drama']
Lawless Plainsmen,"['Charles Starrett', ' Russell Hayden', ' Luana Walters']",['Western']
Let's Get Tough!,"['East Side Kids', ' Florence Rice']",['Comedy']
Life Begins at Eight-Thirty,"['Ida Lupino', ' Monty Woolley', ' Cornel Wilde']",['Drama']
"Little Joe, the Wrangler","['Johnny Mack Brown', ' Tex Ritter', ' Jennifer Holt']",['Western']
"Little Tokyo, U.S.A.","['Preston Foster', ' Brenda Joyce', ' June Duprez']",['Thriller']
The Living Ghost,"['James Dunn', ' Joan Woodbury']",['Suspense']
The Lone Prairie,"['Russell Hayden', ' Dub Taylor']",['Western']
The Lone Rider in Cheyenne,"['George Houston', ' Al St. John', ' Dennis Moore']",['Western']
Lone Star Ranger,"['John Kimbrough', ' Sheila Ryan']",['Western']
The Lone Star Vigilantes,"['Wild Bill Elliott', ' Tex Ritter', ' Luana Walters']",['Western']
Lost Canyon,"['William Boyd', ' Lola Lane']",['Western']
"
",['Harry Lachman'],"['Linda Darnell', ' Shepperd Strudwick', ' Virginia Gilmore']"
"20th Century Fox
",['William Beaudine'],"['Mantan Moreland', ' F. E. Miller']"
"Independent
",['Frank Tuttle'],"['Alan Ladd', ' Helen Walker', ' Sheldon Leonard']"
"Paramount
",['Charles Barton'],"['Jinx Falkenburg', ' Leslie Brooks', ' Russell Hayden']"
"Columbia
",['Jean Yarbrough'],"['Margie Hart', ' Robert Lowery', ' Gale Storm']"
The Mad Doctor of Market Street,"['Lionel Atwill', ' Anne Nagel', ' Claire Dodd', ' Una Merkel']",['Horror']
The Mad Martindales,"['Jane Withers', ' Marjorie Weaver', ' Alan Mowbray']",['Comedy']
The Mad Monster,"['George Zucco', ' Anne Nagel', ' Glenn Strange']",['Horror']
Madame Spy,"['Constance Bennett', ' Don Porter', ' John Litel']",['Spy']
The Magnificent Ambersons,"['Joseph Cotten', ' Anne Baxter', ' Dolores Costello', ' Agnes Moorehead', ' Tim Holt']","['Drama', ' Romance']"
The Magnificent Dope,"['Henry Fonda', ' Lynn Bari', ' Don Ameche']",['Comedy']
The Major and the Minor,"['Ginger Rogers', ' Ray Milland', ' Rita Johnson']",['Comedy']
The Male Animal,"['Henry Fonda', ' Olivia de Havilland', ' Joan Leslie']",['Romantic comedy']
Man from Cheyenne,"['Roy Rogers', ' Sally Payne']",['Western']
Man from Headquarters ,"['Frank Albertson', ' Joan Woodbury', ' Byron Foulger']",['Comedy crime']
The Man in the Trunk,"['Lynne Roberts', ' Raymond Walburn', ' J. Carrol Naish ']",['Comedy']
The Man Who Came to Dinner,"['Monty Woolley', ' Bette Davis', ' Ann Sheridan', ' Billie Burke']",['Comedy']
The Man Who Returned to Life,"['Lucile Fairbanks', ' John Howard']",['Drama']
The Man Who Wouldn't Die,"['Lloyd Nolan', ' Marjorie Weaver', ' Henry Wilcoxon']",['Mystery']
Man with Two Lives,"['Edward Norris', ' Marlo Dwyer']",['Fantasy thriller']
A Man's World,"['William Wright', ' Marguerite Chapman', ' Larry Parks', ' Wynne Gibson']",['Thriller']
Manila Calling,"['Lloyd Nolan', ' Carole Landis', ' Cornel Wilde']",['Drama']
Maisie Gets Her Man,"['Ann Sothern', ' Red Skelton', ' Allen Jenkins']",['Comedy']
The Mayor of 44th Street,"['George Murphy', ' Anne Shirley', ' Richard Barthelmess']",['Comedy']
The McGuerins from Brooklyn,"['William Bendix', ' Grace Bradley']",['Comedy']
Meet the Stewarts,"['William Holden', ' Frances Dee']",['Comedy']
Men of San Quentin,"['Eleanor Stewart', ' Dick Curtis']",['Crime drama']
Men of Texas,"['Robert Stack', ' Jackie Cooper', ' Broderick Crawford']",['Western']
Mexican Spitfire at Sea,"['Lupe Vélez', ' Leon Errol', ' Zasu Pitts']",['Comedy']
Mexican Spitfire Sees a Ghost,"['Lupe Vélez', ' Buddy Rogers', ' Elisabeth Risdon']",['Comedy']
Mexican Spitfire's Elephant,"['Lupe Vélez', ' Walter Reed', ' Elisabeth Risdon ']",['Comedy']
Miss Annie Rooney,"['Shirley Temple', ' Dickie Moore', ' Guy Kibbee']",['Drama']
Miss V from Moscow,"['Lola Lane', ' Noel Madison', ' Paul Weigel']",['Spy drama']
Mississippi Gambler,"['Kent Taylor', ' Frances Langford', ' John Litel']",['Crime']
Mokey,"['Donna Reed', ' Dan Dailey']",['Drama']
Moonlight in Havana,"['Allan Jones', ' Jane Frazee', ' Marjorie Lord']",['Drama']
Moonlight Masquerade,"[""Dennis O'Keefe"", ' Jane Frazee']",['Comedy']
The Moon and Sixpence,"['George Sanders', ' Herbert Marshall', ' Elena Verdugo']",['Drama']
Moontide,"['Jean Gabin', ' Ida Lupino', ' Claude Rains']",['Drama']
Mr. and Mrs. North,"['Gracie Allen', ' Paul Kelly', ' Rose Hobart']",['Mystery']
Mr. Wise Guy,"['East Side Kids', ' Billy Gilbert', ' Joan Barclay']",['Comedy']
Mrs. Miniver,"['Greer Garson', ' Walter Pidgeon', ' Teresa Wright']",['War drama']
Mrs. Wiggs of the Cabbage Patch,"['Fay Bainter', ' Hugh Herbert']",['Comedy']
Mug Town,"['Billy Halop', ' Huntz Hall', ' Grace McDonald']",['Comedy']
The Mummy's Tomb,"['Lon Chaney Jr.', ' Dick Foran', ' Elyse Knox']",['Horror']
Murder in the Big House,"['Van Johnson', ' Faye Emerson']",['Crime']
My Favorite Blonde,"['Bob Hope', ' Madeleine Carroll', ' Gale Sondergaard', ' George Zucco']",['Comedy']
My Favorite Spy,"['Kay Kyser', ' Ellen Drew', ' Jane Wyman']",['Comedy']
My Gal Sal,"['Rita Hayworth', ' Victor Mature', ' Carole Landis', ' Phil Silvers']",['Musical biopic']
My Heart Belongs to Daddy,"['Richard Carlson', "" Martha O'Driscoll"", ' Cecil Kellaway']",['Comedy']
My Sister Eileen,"['Rosalind Russell', ' Brian Aherne Janet Blair']","['Comedy', ' Musical']"
The Mysterious Rider,"['Buster Crabbe', ' Caroline Burke']",['Western']
The Mystery of Marie Roget,"['Maria Montez', ' Patric Knowles', ' John Litel']",['Suspense']
The Navy Comes Through,"[""Pat O'Brien"", ' George Murphy', ' Jane Wyatt']",['Drama']
Nazi Agent,"['Conrad Veidt', ' Ann Ayars', ' Frank Reicher']",['Spy thriller']
'Neath Brooklyn Bridge,"['East Side Kids', ' Ann Gillis']",['Comedy']
The Night Before the Divorce,"['Lynn Bari', ' Mary Beth Hughes', ' Nils Asther']",['Comedy']
Night in New Orleans,"['Patricia Morison', ' Preston Foster', ' Albert Dekker']",['Mystery']
Night Monster,"['Bela Lugosi Lionel Atwill', ' Irene Hervey']",['Mystery horror']
Night Plane from Chungking,['Robert Preston'],['War drama']
A Night to Remember,"['Loretta Young', ' Brian Aherne']",['Drama']
Nightmare,"['Diana Barrymore', ' Brian Donlevy', ' Henry Daniell']",['Crime']
North of the Rockies,"['Wild Bill Elliott', ' Shirley Patterson', ' Larry Parks']",['Western']
North to the Klondike ,"['Broderick Crawford', ' Evelyn Ankers']",['Western']
Northwest Rangers,"['William Lundigan', ' Patricia Dane']",['Drama']
Not a Ladies' Man,"['Paul Kelly', ' Fay Wray', ' Douglas Croft']",['Drama']
"Now, Voyager","['Bette Davis', ' Paul Henreid', ' Claude Rains', ' Gladys Cooper']",['Drama']
Obliging Young Lady,"['Joan Carroll', ' Ruth Warrick', ' Eve Arden']",['Comedy']
The Old Chisholm Trail,"['Johnny Mack Brown', ' Tex Ritter', ' Jennifer Holt']",['Western']
The Old Homestead,"['Anne Jeffreys', ' Maris Wrixon']",['Comedy']
The Omaha Trail,"['James Craig', ' Pamela Blake']",['Western']
Once Upon a Honeymoon,"['Cary Grant', ' Ginger Rogers', ' Walter Slezak']",['Romantic comedy']
One Thrilling Night,"['Wanda McKay', ' John Beal']",['Romantic comedy']
On the Sunny Side,"['Roddy McDowall', ' Jane Darwell', ' Katharine Alexander']",['Comedy']
Orchestra Wives,"['Ann Rutherford', ' George Montgomery', ' Glenn Miller']",['Musical']
Outlaws of Boulder Pass,"['George Houston', ' Al St. John', ' Dennis Moore']",['Western']
Outlaws of Pine Ridge,"['Don ""Red"" Barry', ' Lynn Merrick', ' Noah Beery']",['Western']
Over My Dead Body,"['Milton Berle', ' Mary Beth Hughes', ' Reginald Denny']",['Comedy']
Overland to Deadwood,"['Charles Starrett', ' Russell Hayden', ' Leslie Brooks']",['Western']
Overland Stagecoach,"['Robert Livingston', ' Al St. John', ' Julie Duncan']",['Western']
Pacific Rendezvous,"['Lee Bowman', ' Jean Rogers', ' Mona Maris']",['Drama']
The Palm Beach Story,"['Claudette Colbert', ' Joel McCrea', ' Mary Astor', ' Rudy Vallée']",['Screwball comedy']
Panama Hattie,"['Red Skelton', ' Ann Sothern', ' Marsha Hunt']",['Musical']
The Panther's Claw,"['Sidney Blackmer', ' Rick Vallin', ' Herbert Rawlinson']",['Mystery']
Parachute Nurse,"['Marguerite Chapman', ' William Wright', ' Louise Allbritton']",['Drama']
Pardon My Gun,"['Charles Starrett', ' Alma Carroll']",['Western']
Pardon My Sarong,"['Abbott and Costello', ' Virginia Bruce', ' Lionel Atwill']",['Comedy']
Pardon My Stripes,"['Sheila Ryan', ' William Henry', ' Edgar Kennedy']",['Comedy']
Paris Calling,"['Basil Rathbone', ' Randolph Scott', ' Elisabeth Bergner']",['Drama']
The Pay Off,"['Lee Tracy', ' Tom Brown', ' Evelyn Brent']",['Crime drama']
Perils of Nyoka,['Kay Aldridge'],['Action adventure']
Phantom Killer,"['Dick Purcell', ' Joan Woodbury']",['Romantic mystery']
The Phantom Plainsmen,"['Bob Steele', ' Tom Tyler', ' Lois Collier']",['Western']
The Pied Piper,"['Monty Woolley', ' Roddy McDowall', ' Anne Baxter']",['War']
Pierre of the Plains,"['Ruth Hussey', ' Bruce Cabot', ' Reginald Owen', ' Evelyn Ankers']",['Adventure']
Pirates of the Prairie,"['Tim Holt', ' Cliff Edwards', "" Nell O'Day""]",['Western']
Pittsburgh,"['John Wayne', ' Marlene Dietrich', ' Randolph Scott']",['Drama']
Police Bullets,"['Joan Marsh', ' John Archer']",['Crime']
The Postman Didn't Ring,"['Brenda Joyce', ' Richard Travis', ' Spencer Charters']",['Comedy']
Powder Town,"[""Edmond O'Brien"", ' Victor McLaglen', ' June Havoc']",['Drama']
Prairie Gunsmoke,"['Wild Bill Elliott', ' Tex Ritter', ' Virginia Carroll']",['Western']
Prairie Pals,"['Bill Boyd', ' Lee Powell']",['Western']
The Pride of the Yankees,"['Gary Cooper', ' Teresa Wright', ' Walter Brennan', ' Babe Ruth']",['Biopic']
Priorities on Parade,"['Ann Miller', ' Johnnie Johnston', ' Betty Jane Rhodes']",['Musical']
Prisoner of Japan,"['Alan Baxter', ' Gertrude Michael', ' Corinna Mura']",['Thriller']
Private Buckaroo,"['The Andrews Sisters', ' Harry James', ' Joe E. Lewis']",['Musical']
Private Snuffy Smith,"['Bud Duncan', ' Edgar Kennedy']",['Comedy']
Queen of Broadway,"['Rochelle Hudson', ' Buster Crabbe', ' Paul Bryar']",['Drama']
"Quiet Please, Murder","['George Sanders', ' Gail Patrick', ' Lynne Roberts']",['Drama']
Raiders of the Range,"['Bob Steele', ' Tom Tyler', ' Lois Collier']",['Western']
Raiders of the West,"['Bill Boyd', ' Lee Powell', ' Virginia Carroll']",['Western']
Random Harvest,"['Ronald Colman', ' Greer Garson']",['Drama']
The Rangers Take Over,"[""Dave O'Brien"", ' Guy Wilkerson', ' Iris Meredith']",['Western']
Reap the Wild Wind,"['John Wayne', ' Paulette Goddard', ' Ray Milland']",['Adventure']
Red River Robin Hood,"['Tim Holt', ' Cliff Edwards']",['Western']
The Remarkable Andrew,"['William Holden', ' Brian Donlevy', ' Ellen Drew']",['Fantasy']
Remember Pearl Harbor,"['Don ""Red"" Barry', ' Fay McKenzie', ' Sig Ruman']",['War']
Reunion in France,"['Joan Crawford', ' John Wayne', ' Philip Dorn']",['War Drama']
Rhythm Parade,"['Nils Granlund', ' Gale Storm', ' Robert Lowery']",['Musical']
Ride 'Em Cowboy,"['Abbott and Costello', ' Anne Gwynne', ' Dick Foran']",['Comedy']
Riders of the Northland,"['Charles Starrett', ' Russell Hayden', ' Shirley Patterson']",['Western']
Riders of the West,"['Buck Jones', ' Tim McCoy', ' Raymond Hatton']",['Western']
Ridin' Down the Canyon,"['Roy Rogers', ' Linda Hayes']",['Western']
Riding the Wind,"['Tim Holt', ' Joan Barclay']",['Western']
Riding Through Nevada,"['Charles Starrett', ' Shirley Patterson', ' Arthur Hunnicutt']",['Western']
Right to the Heart,"['Brenda Joyce', ' Stanley Clements', ' Cobina Wright']",['Sports comedy']
Rings on Her Fingers,"['Henry Fonda', ' Gene Tierney', ' Laird Cregar']",['Comedy']
Rio Rita ,"['Abbott and Costello', ' Kathryn Grayson']",['Comedy']
Road to Happiness,"['John Boles', ' Mona Barrie']",['Drama']
Road to Morocco,"['Bing Crosby', ' Bob Hope', ' Dorothy Lamour']",['Musical comedy']
Rock River Renegades,"['Ray Corrigan', ' Christine McIntyre']",['Western']
Rolling Down the Great Divide,"['Bill Boyd', ' Wanda McKay']",['Western']
Romance on the Range,"['Roy Rogers', ' Sally Payne']",['Western']
Roxie Hart,"['Ginger Rogers', ' Adolphe Menjou', ' George Montgomery', ' Nigel Bruce']",['Comedy']
Rubber Racketeers,"['Rochelle Hudson', ' Ricardo Cortez', ' Barbara Read']",['Crime']
Sabotage Squad,"['Bruce Bennett', ' Edward Norris']",['Action']
Saboteur,"['Robert Cummings', ' Priscilla Lane', ' Norman Lloyd']",['Film noir']
Scattergood Rides High,"['Guy Kibbee', ' Jed Prouty']",['Comedy']
Scattergood Survives a Murder,"['Guy Kibbee', ' Margaret Hayes', ' John Archer']",['Comedy']
Sealed Lips,"['William Gargan', ' June Clyde']",['Drama']
Secret Agent of Japan,"['Preston Foster', ' Lynn Bari']",['War']
Secret Enemies,"['Craig Stevens', ' Faye Emerson']",['Drama']
Secrets of a Co-Ed,"['Otto Kruger', ' Rick Vallin', ' Marcia Mae Jones']",['Drama']
Secrets of the Underground,"['John Hubbard', ' Virginia Grey', ' Lloyd Corrigan']",['Thriller']
Seven Days' Leave,"['Lucille Ball', ' Victor Mature']",['Comedy']
Seven Miles from Alcatraz,"['James Craig', ' Bonita Granville']",['Crime']
Seven Sweethearts,"['Kathryn Grayson', ' Marsha Hunt', ' Cecilia Parker']",['Musical']
Shadows on the Sage,"['Bob Steele', ' Tom Tyler', ' Cheryl Walker']",['Western']
She's in the Army,"['Lucile Gleason', ' Veda Ann Borg', ' Marie Wilson']",['Comedy']
Shepherd of the Ozarks,"['Frank Albertson', ' Thurston Hall']",['Comedy']
Sheriff of Sage Valley,"['Buster Crabbe', ' Al St. John']",['Western']
Sherlock Holmes and the Secret Weapon,"['Basil Rathbone', ' Nigel Bruce', ' Lionel Atwill']",['Mystery']
Sherlock Holmes and the Voice of Terror,"['Basil Rathbone', ' Nigel Bruce', ' Reginald Denny']",['Mystery']
Ship Ahoy,"['Eleanor Powell', ' Red Skelton', "" Virginia O'Brien""]",['Musical comedy']
Shut My Big Mouth,"['Joe E. Brown', ' Adele Mara', ' Joan Woodbury']",['ComedyWestern']
The Silver Bullet,"['Johnny Mack Brown', ' William Farnum', ' Jennifer Holt']",['Western']
Silver Queen,"['George Brent', ' Priscilla Lane']",['Western']
Sin Town,"['Constance Bennett', ' Broderick Crawford', ' Ward Bond']",['Western']
Sing Your Worries Away,"['Buddy Ebsen', ' Patsy Kelly', ' Bert Lahr']",['Musical']
Sleepytime Gal,"['Judy Canova', ' Billy Gilbert', ' Ruth Terry']",['Comedy']
Small Town Deb,"['Jane Withers', ' Jane Darwell', ' Cecil Kellaway']",['Comedy']
Smart Alecks,"['Leo Gorcey', ' Huntz Hall', ' Gale Storm']",['Comedy']
Smith of Minnesota,"['Bruce Smith', ' Arline Judge', ' Don Beddoe']",['Sports']
The Sombrero Kid,"[""Don 'Red' Barry"", ' Lynn Merrick']",['Western']
Somewhere I'll Find You,"['Clark Gable', ' Lana Turner']",['Romance']
Son of Fury: The Story of Benjamin Blake,"['Tyrone Power', ' Gene Tierney', ' George Sanders']",['Adventure']
Song of the Islands,"['Betty Grable', ' Victor Mature', ' Jack Oakie']",['Musical']
Sons of the Pioneers,"['Roy Rogers', ' George ""Gabby"" Hayes', ' Maris Wrixon']",['Western']
So's Your Aunt Emma,"['ZaSu Pitts', ' Roger Pryor', ' Douglas Fowley']",['Comedy']
South of Santa Fe,"['Roy Rogers', ' Linda Hayes']",['Western']
The Spirit of Stanford ,"['Frankie Albert', ' Marguerite Chapman', ' Shirley Patterson']",['Sports']
The Spoilers,"['John Wayne', ' Marlene Dietrich', ' Randolph Scott']",['Western']
Springtime in the Rockies,"['Betty Grable', ' John Payne', ' Cesar Romero']",['Musical']
Spy Ship,"['Craig Stevens', ' Irene Manning']",['Spy drama']
Stagecoach Buckaroo,"['Johnny Mack Brown', "" Nell O'Day"", ' Anne Nagel']",['Western']
Stagecoach Express,"['Don ""Red"" Barry', ' Lynn Merrick']",['Western']
Stand By All Networks,"['Florence Rice', ' John Beal', ' Margaret Hayes']",['Thriller']
Stand By for Action,"['Robert Taylor', ' Walter Brennan', ' Charles Laughton']",['War']
Star Spangled Rhythm,"['Betty Hutton', ' Eddie Bracken', ' Victor Moore']",['Musical']
Stardust on the Sage,"['Gene Autry', ' Edith Fellows', ' Smiley Burnette']",['Western']
The Strange Case of Doctor Rx,"['Patric Knowles', ' Lionel Atwill', ' Anne Gwynne']",['Drama']
Street of Chance,"['Burgess Meredith', ' Claire Trevor']",['Crime']
Strictly in the Groove,"['Mary Healy', ' Leon Errol', ' Franklin Pangborn']",['Musical']
Submarine Raider,"['John Howard', ' Marguerite Chapman']",['War']
Sunday Punch,"['William Lundigan', ' Jean Rogers', ' Dan Dailey']",['Comedy']
The Sundown Kid,"['Don ""Red"" Barry', ' Ian Keith']",['Western']
Sundown Jim,"['John Kimbrough', ' Arleen Whelan', ' Virginia Gilmore']",['Western']
Sunset on the Desert ,"['Roy Rogers', ' Lynne Carver', ' Beryl Wallace']",['Western']
Sunset Serenade,"['Roy Rogers', ' Helen Parrish']",['Western']
Sweater Girl,"['Eddie Bracken', ' June Preisser', ' Nils Asther']",['Musical']
Sweetheart of the Fleet ,"['Joan Davis', ' Jinx Falkenburg', ' Joan Woodbury']",['Comedy']
Syncopation,"['Adolphe Menjou', ' Jackie Cooper', ' Bonita Granville']",['Musical']
"Take a Letter, Darling","['Rosalind Russell', ' Fred MacMurray', ' Constance Moore']",['Comedy']
Tales of Manhattan,"['Charles Boyer', ' Rita Hayworth', ' Ginger Rogers', ' Henry Fonda', ' Charles Laughton', ' Edward G. Robinson', ' Paul Robeson']","['Drama', ' comedy; 6 separate stories']"
The Talk of the Town ,"['Cary Grant', ' Jean Arthur', ' Ronald Colman']",['Screwball comedy']
Tarzan's New York Adventure,"['Johnny Weissmuller', "" Maureen O'Sullivan""]",['Adventure']
Ten Gentlemen from West Point,"['George Montgomery', "" Maureen O'Hara"", ' Laird Cregar']",['Drama']
Tennessee Johnson,"['Van Heflin', ' Lionel Barrymore', ' Ruth Hussey']",['Historical']
Texas Justice,"['George Houston', ' Dennis Moore', ' Wanda McKay']",['Western']
Texas Man Hunt,"['Bill Boyd', ' Lee Powell', ' Julie Duncan']",['Western']
Texas to Bataan,"[""John 'Dusty' King"", ' Max Terhune']",['Western']
Texas Trouble Shooters,"['Ray Corrigan', "" John 'Dusty' King"", ' Max Terhune']",['Western']
That Other Woman,"['Virginia Gilmore', ' Janis Carter', ' James Ellison']",['Comedy']
There's One Born Every Minute,"['Hugh Herbert', ' Peggy Moran', ' Guy Kibbee']",['Comedy']
They All Kissed the Bride,"['Joan Crawford', ' Melvyn Douglas']",['Comedy']
They Raid by Night,"['Lyle Talbot', ' June Duprez', ' Victor Varconi']",['War']
This Above All,"['Tyrone Power', ' Joan Fontaine']",['Romance']
This Gun for Hire,"['Alan Ladd', ' Veronica Lake', ' Laird Cregar']",['Thriller']
This Time for Keeps,"['Ann Rutherford', ' Robert Sterling', ' Irene Rich']",['Comedy']
Thru Different Eyes,"['Frank Craven', ' June Walker', ' Vivian Blaine']",['Drama']
Thunder Birds,"['Gene Tierney', ' Preston Foster', ' John Sutton']",['War']
Thunder River Feud,"['Ray Corrigan', "" John 'Dusty' King"", ' Max Terhune']",['Western']
Thundering Hoofs,"['Tim Holt', ' Luana Walters']",['Western']
Timber,"['Marjorie Lord', ' Dan Dailey']",['Drama']
Time to Kill,"['Lloyd Nolan', ' Heather Angel', ' Ralph Byrd']",['Crime drama']
Tish,"['ZaSu Pitts', ' Marjorie Main', ' Aline MacMahon']",['Comedy']
To Be or Not to Be,"['Carole Lombard', ' Jack Benny', ' Robert Stack']",['Screwball comedy']
Today I Hang,"['Walter Woolf King', ' Mona Barrie', ' William Farnum']",['Drama']
To the Shores of Tripoli,"[""Maureen O'Hara"", ' John Payne', ' Randolph Scott']",['Romantic drama']
Tombstone,"['Richard Dix', ' Frances Gifford', ' Kent Taylor']",['Western']
Tomorrow We Live,"['Ricardo Cortez', ' Jean Parker', ' Emmett Lynn']",['Action']
Too Many Women,"['Neil Hamilton', ' June Lang', ' Joyce Compton']",['Comedy']
Top Sergeant,"['Leo Carrillo', ' Don Terry', ' Elyse Knox']",['War']
A Tornado in the Saddle,"['Russell Hayden', ' Dub Taylor', ' Alma Carroll']",['Western']
Torpedo Boat,"['Richard Arlen', ' Jean Parker', ' Mary Carlisle']",['War']
Tortilla Flat,"['Spencer Tracy', ' Hedy Lamarr', ' John Garfield']","['Comedy', ' drama']"
Tough As They Come,"['Billy Halop', ' Helen Parrish', ' Ann Gillis']",['Crime']
A Tragedy at Midnight,"['John Howard', ' Margaret Lindsay', ' Mona Barrie']",['Comedy']
Trail Riders,"['John Dusty King', ' Evelyn Finley', ' Max Terhune']",['Western']
The Traitor Within ,"['Don ""Red"" Barry', ' Jean Parker', ' Ralph Morgan']",['Action']
"Tramp, Tramp, Tramp!","['Jackie Gleason', ' Florence Rice', ' Bruce Bennett', ' Mabel Todd']",['Comedy']
Treat 'Em Rough,"['Eddie Albert', ' Peggy Moran']",['Drama']
True to the Army,"['Judy Canova', ' Ann Miller', ' Allan Jones']",['Comedy']
Tumbleweed Trail,"['Bill Boyd', ' Lee Powell']",['Western']
The Tuttles of Tahiti,"['Charles Laughton', ' Jon Hall', ' Peggy Drake']",['Adventure']
Twin Beds,"['Joan Bennett', ' George Brent', ' Mischa Auer']",['Comedy']
Two Yanks in Trinidad,"[""Pat O'Brien"", ' Brian Donlevy', ' Janet Blair']",['Spy comedy']
Wake Island,"['Brian Donlevy', ' Robert Preston']",['War drama']
The War Against Mrs. Hadley,"['Fay Bainter', ' Edward Arnold', ' Jean Rogers']",['Drama']
War Dogs,"['Billy Lee', ' Addison Richards', ' Kay Linaker']",['Drama']
We Were Dancing,"['Norma Shearer', ' Melvyn Douglas', ' Gail Patrick']",['Comedy']
Western Mail,"['Tom Keene', ' LeRoy Mason']",['Western']
West of the Law,"['Buck Jones', ' Tim McCoy', ' Raymond Hatton']",['Western']
West of Tombstone,"['Charles Starrett', ' Marcella Martin']",['Western']
Westward Ho,"['Bob Steele', ' Tom Tyler', ' Evelyn Brent']",['Western']
What's Cookin'?,"['The Andrews Sisters', ' Jane Frazee', ' Gloria Jean']",['Musical']
When Johnny Comes Marching Home,"['Allan Jones', ' Jane Frazee', ' Gloria Jean']",['Musical']
Where Trails End ,"['Tom Keene', ' Wilhelm von Brincken']",['Western']
Whispering Ghosts,"['Milton Berle', ' Brenda Joyce']",['Comedy']
Whistling in Dixie,"['Red Skelton', ' Ann Rutherford', ' Diana Lewis']",['Comedy crime']
White Cargo,"['Hedy Lamarr', ' Walter Pidgeon', ' Richard Carlson']",['Melodrama']
Who Done It?,"['Abbott and Costello', ' Patric Knowles', ' Louise Allbritton']",['Comedy']
Who Is Hope Schuyler?,"['Sheila Ryan', ' Joan Valerie', ' Ricardo Cortez']",['Mystery']
The Wife Takes a Flyer,"['Joan Bennett', ' Franchot Tone', ' Allyn Joslyn']",['Romantic comedy']
Wild Bill Hickok Rides,"['Constance Bennett', ' Bruce Cabot', ' Warren William']",['Western']
Wildcat (film),"['Richard Arlen', ' Arline Judge', ' William Frawley']",['Drama']
Wings for the Eagle,"['Ann Sheridan', ' Dennis Morgan', ' Jack Carson']",['Drama']
Woman of the Year,"['Spencer Tracy', ' Katharine Hepburn', ' Reginald Owen']",['Romantic comedy']
Wrecking Crew,"['Jean Parker', ' Richard Arlen', ' Evelyn Brent']",['Drama']
X Marks the Spot,"['Dick Purcell', ' Anne Jeffreys']",['Drama']
Yankee Doodle Dandy,"['James Cagney', ' Joan Leslie', ' Walter Huston']",['Biography']
A Yank at Eton,"['Mickey Rooney', ' Edmund Gwenn', ' Ian Hunter']",['Drama']
A Yank in Libya,"['Joan Woodbury', ' H. B. Warner', ' Duncan Renaldo']",['Spy']
A Yank on the Burma Road,"['Laraine Day', ' Barry Nelson', ' Keye Luke']",['War adventure']
The Yanks Are Coming,"['Mary Healy', ' Henry King']",['Musical']
Yokel Boy,"['Joan Davis', ' Albert Dekker', ' Alan Mowbray']",['Comedy']
You Can't Escape Forever,"['George Brent', ' Brenda Marshall', ' Gene Lockhart']",['Drama']
You Were Never Lovelier,"['Fred Astaire', ' Rita Hayworth', ' Adolphe Menjou']",['Musical comedy']
Young America,"['Jane Withers', ' Jane Darwell', ' Lynne Roberts']",['World War II homefront drama']
You're Telling Me,"['Hugh Herbert', ' Anne Gwynne', ' Robert Paige']",['Comedy']
Youth on Parade,"['John Hubbard', ' Ruth Terry', "" Martha O'Driscoll""]",['Musical comedy']
Any Bonds Today?,[''],['Animated Propaganda']
The Arm Behind the Army,[''],['Propaganda Short']
The Bowling Alley Cat,[''],['Animated Short']
Bugs Bunny Gets the Boid,[''],['Animated short']
Campus on the March,[''],['Propaganda']
Dog Trouble,[''],['Animated Short']
Donald Gets Drafted,['Donald Duck'],['Animated Short']
The Dover Boys,[''],['Animated Short']
The Draft Horse,[''],['Animated Short']
Fine Feathered Friend,['Tom and Jerry'],['Animated Short']
Fraidy Cat,['Tom and Jerry'],['Animated Short']
Fresh Hare,[''],['Animated Short']
Hemp for Victory,[''],['Propaganda']
"Henry Browne, Farmer",[''],['Propaganda Short']
"Hold the Lion, Please",[''],['Animated Short']
How to Play Baseball,[''],['Animated Short']
How to Swim,[''],['Animated Short']
It's Everybody's War,[''],['Propaganda short']
Jam Session,['Duke Ellington and orchestra'],['Short']
Japanese Relocation,[''],['Short war propaganda']
Manpower,[''],['Propaganda short']
My Favorite Duck,['Porky Pig and Daffy Duck'],['Animated comedy']
Puss 'n' Toots,[''],['Short animation']
Safeguarding Military Information,[''],['Propaganda short']
The Squawkin' Hawk,[''],['Animated short']
A Tale of Two Kitties,[''],['Animation']
Tulips Shall Grow,[''],['Animated short']
The Wabbit Who Came to Supper,[''],['Animated']
Winning Your Wings,[''],['Propaganda short']
Wood for War,[''],['Propaganda short']
The World at War,[''],['Propaganda short']
"You're a Sap, Mr. Jap",['Popeye cartoon'],['Propaganda shortAnimated short']
